,YEAR_,STATE,TYPE OF PRODUCER,ENERGY SOURCE,GENERATION (Megawatthours),Proportion of Energy in Year,Residential,Commercial,Industrial,Transportation,Total,Energy Surplus
0,2015,NY,Total Electric Power Industry,Total,1385816860,1.0,1472418.364,1384086.743,48591183.43,1251560.005,4593976.946,1381222883.054
1,2016,NY,Total Electric Power Industry,Total,1343767150,1.0,1479715.833,1390944.606,48831501.71,1257773.112,4616748.568,1339150401.432
2,2017,NY,Total Electric Power Industry,Total,1280253860,1.0,1445719.5890000002,1358999.8590000002,47709039.51,1228876.304,4510686.148,1275743173.852
3,2018,NY,Total Electric Power Industry,Total,1325205010,1.0,1540586.695,1448152.079,50839038.54,1309500.156,4806629.315,1320398380.685
4,2019,NY,Total Electric Power Industry,Total,1316032890,1.0,1510371.0669999998,1419753.492,49842596.9,1283827.13,4712377.659,1311320512.341
5,2020,NY,Total Electric Power Industry,Total,1294302710,1.0,1535868.25,1443726.706,50683710.88,1305485.082,4791917.147,1289510792.853
6,2021,NY,Total Electric Power Industry,Total,1249449350,1.0,1548411.6919999998,1455508.1630000002,51096941.08,1316152.869,4831042.135,1244618307.865
